{
  "accuracy": 0.9,
  "benford_score_predictions": 0.9999999999999999,
  "predicted_probabilities": [
    0.0428730088133059,
    0.5949720534814562,
    0.4280076992901944,
    0.9310269199674711,
    0.5531666182236897,
    0.9439734981470431,
    0.07593100154563368,
    0.12179626622055272,
    0.3617793426154798,
    0.17606369506700947,
    0.06487608173737565,
    0.851346117560015,
    0.021170135131339068,
    0.024634400731472175,
    0.21804730113807758,
    0.9605444436223266,
    0.3187150358254643,
    0.1244109820356253,
    0.09066450410388564,
    0.7897324291185707,
    0.10888835905964442,
    0.3020938781794003,
    0.6911435022937692,
    0.30238428191890526,
    0.0784185619924555,
    0.3987376470729248,
    0.30470232437206296,
    0.10762305768145057,
    0.01860427733088361,
    0.38889786500754775,
    0.1407429244987221,
    0.03058002719971218,
    0.8581518483365911,
    0.05010796694221948,
    0.7620817983555617,
    0.9839290519201886,
    0.19850246498454296,
    0.43527236801035624,
    0.006498571606293609,
    0.1295215100624071,
    0.08630178387061585,
    0.20210233752455964,
    0.42686337446433115,
    0.9294345694646581,
    0.14005240524103812,
    0.4910411104399814,
    0.26338095828620495,
    0.07592645584072345,
    0.25177991803776034,
    0.4055422350319245
  ],
  "predicted_labels": [
    0,
    1,
    0,
    1,
    1,
    1,
    0,
    0,
    0,
    0,
    0,
    1,
    0,
    0,
    0,
    1,
    0,
    0,
    0,
    1,
    0,
    0,
    1,
    0,
    0,
    0,
    0,
    0,
    0,
    0,
    0,
    0,
    1,
    0,
    1,
    1,
    0,
    0,
    0,
    0,
    0,
    0,
    0,
    1,
    0,
    0,
    0,
    0,
    0,
    0
  ],
  "benford_best_column": null
}